"","V1","Date","Forage","Hopping","notmoving","Sprinting","ID"
"1",1,2023-03-10,28224,480,57588,108,"26606"
"2",2,2023-03-11,1116,20,85248,16,"26606"
"3",3,2023-03-12,24,NA,86376,NA,"26606"
"4",4,2023-03-13,48,NA,86352,NA,"26606"
"5",5,2023-03-14,12,NA,86388,NA,"26606"
"6",6,2023-03-15,NA,NA,86400,NA,"26606"
"7",7,2023-03-16,12,NA,86388,NA,"26606"
"8",8,2023-03-17,NA,NA,86400,NA,"26606"
"9",9,2023-03-18,NA,NA,86400,NA,"26606"
"10",10,2023-03-19,NA,NA,86400,NA,"26606"
"11",11,2023-03-20,NA,NA,86400,NA,"26606"
"12",12,2023-03-21,NA,NA,86400,NA,"26606"
"13",13,2023-03-22,NA,NA,86400,NA,"26606"
"14",14,2023-03-23,NA,NA,86400,NA,"26606"
"15",15,2023-03-24,NA,NA,86400,NA,"26606"
"16",16,2023-03-25,NA,NA,86400,NA,"26606"
"17",17,2023-03-26,NA,NA,86400,NA,"26606"
"18",18,2023-03-27,NA,NA,86400,NA,"26606"
"19",19,2023-03-28,NA,NA,86400,NA,"26606"
"20",20,2023-03-29,NA,NA,86400,NA,"26606"
"21",21,2023-03-30,NA,NA,86400,NA,"26606"
"22",22,2023-03-31,NA,NA,86400,NA,"26606"
"23",23,2023-04-01,NA,NA,86400,NA,"26606"
"24",24,2023-04-02,NA,NA,86400,NA,"26606"
"25",25,2023-04-03,NA,NA,86400,NA,"26606"
"26",26,2023-04-04,NA,NA,86400,NA,"26606"
"27",27,2023-04-05,NA,NA,86400,NA,"26606"
"28",28,2023-04-06,NA,NA,86400,NA,"26606"
"29",29,2023-04-07,NA,NA,86400,NA,"26606"
"30",30,2023-04-08,NA,NA,86400,NA,"26606"
"31",31,2023-04-09,NA,NA,86400,NA,"26606"
"32",32,2023-04-10,NA,NA,86400,NA,"26606"
"33",33,2023-04-11,NA,NA,86400,NA,"26606"
"34",34,2023-04-12,NA,NA,86400,NA,"26606"
"35",35,2023-04-13,NA,NA,86400,NA,"26606"
"36",36,2023-04-14,NA,NA,86400,NA,"26606"
"37",37,2023-04-15,NA,NA,86400,NA,"26606"
"38",38,2023-04-16,NA,NA,86400,NA,"26606"
"39",39,2023-04-17,NA,NA,86400,NA,"26606"
"40",40,2023-04-18,NA,NA,86400,NA,"26606"
"41",41,2023-04-19,NA,NA,86400,NA,"26606"
"42",42,2023-04-20,NA,NA,86400,NA,"26606"
"43",43,2023-04-21,NA,NA,86400,NA,"26606"
"44",44,2023-04-22,NA,NA,86400,NA,"26606"
"45",1,2023-01-18,23276,488,62568,68,"26658"
"46",2,2023-01-19,12,NA,86388,NA,"26658"
"47",3,2023-01-20,20,4,86376,NA,"26658"
"48",4,2023-01-21,NA,NA,86400,NA,"26658"
"49",5,2023-01-22,24,NA,86376,NA,"26658"
"50",1,2023-01-16,27876,256,58164,104,"26662"
"51",2,2023-01-17,37249,464,48603,84,"26662"
"52",3,2023-01-18,25411,224,60669,96,"26662"
"53",4,2023-01-19,29072,284,56928,116,"26662"
"54",5,2023-01-20,35621,580,50103,96,"26662"
"55",6,2023-01-21,17788,264,68292,56,"26662"
"56",7,2023-01-22,29628,340,56400,32,"26662"
"57",8,2023-01-23,29108,340,56832,120,"26662"
"58",9,2023-01-24,26459,352,59541,48,"26662"
"59",10,2023-01-25,30464,316,55536,84,"26662"
"60",11,2023-01-26,41701,296,44355,48,"26662"
"61",12,2023-01-27,46019,304,40017,60,"26662"
"62",13,2023-01-28,45037,264,41067,32,"26662"
"63",14,2023-01-29,42756,160,43464,20,"26662"
"64",15,2023-01-30,40395,196,45789,20,"26662"
"65",16,2023-01-31,38473,228,47655,44,"26662"
"66",17,2023-02-01,36196,236,49944,24,"26662"
"67",18,2023-02-02,41307,308,44721,64,"26662"
"68",19,2023-02-03,40640,304,45408,48,"26662"
"69",20,2023-02-04,42689,216,43467,28,"26662"
"70",21,2023-02-05,30043,176,56169,12,"26662"
"71",22,2023-02-06,19556,112,66708,24,"26662"
"72",23,2023-02-07,37517,152,48687,44,"26662"
"73",24,2023-02-08,35851,112,50433,4,"26662"
"74",1,2023-01-17,28975,844,56525,56,"26663"
"75",2,2023-01-18,33569,972,51739,120,"26663"
"76",3,2023-01-19,34024,1020,51216,140,"26663"
"77",4,2023-01-20,30808,948,54480,164,"26663"
"78",5,2023-01-21,30739,1240,54233,188,"26663"
"79",6,2023-01-22,33560,2240,50424,176,"26663"
"80",7,2023-01-23,31893,1288,53119,100,"26663"
"81",8,2023-01-24,23155,456,62633,156,"26663"
"82",9,2023-01-25,35264,1020,50028,88,"26663"
"83",10,2023-01-26,51421,3248,31507,224,"26663"
"84",11,2023-01-27,36980,1704,47484,232,"26663"
"85",12,2023-01-28,44187,1864,40193,156,"26663"
"86",13,2023-01-29,40032,1304,44940,124,"26663"
"87",14,2023-01-30,40304,992,44988,116,"26663"
"88",15,2023-01-31,33776,436,52140,48,"26663"
"89",16,2023-02-01,25689,936,59659,116,"26663"
"90",17,2023-02-02,32296,512,53520,72,"26663"
"91",18,2023-02-03,36287,1388,48593,132,"26663"
"92",19,2023-02-04,41273,1444,43591,92,"26663"
"93",20,2023-02-05,32699,876,52769,56,"26663"
"94",21,2023-02-06,23461,320,62575,44,"26663"
"95",22,2023-02-07,38168,596,47520,116,"26663"
"96",23,2023-02-08,37592,784,47952,72,"26663"
"97",24,2023-02-09,35524,952,49776,148,"26663"
"98",25,2023-02-10,30803,1008,54473,116,"26663"
"99",26,2023-02-11,37177,632,48499,92,"26663"
"100",27,2023-02-12,36271,988,48965,176,"26663"
"101",28,2023-02-13,31304,1180,53724,192,"26663"
"102",29,2023-02-14,35793,1120,49435,52,"26663"
"103",30,2023-02-15,32652,548,53124,76,"26663"
"104",1,2023-01-18,12986,112,73290,12,"26664"
"105",2,2023-01-19,28976,112,57300,12,"26664"
"106",3,2023-01-20,34484,188,51684,44,"26664"
"107",4,2023-01-21,33142,308,52890,60,"26664"
"108",5,2023-01-22,35546,328,50430,96,"26664"
"109",6,2023-01-23,29600,208,56520,72,"26664"
"110",7,2023-01-24,32964,136,53280,20,"26664"
"111",8,2023-01-25,31670,256,54462,12,"26664"
"112",9,2023-01-26,38962,208,47190,40,"26664"
"113",10,2023-01-27,38300,184,47892,24,"26664"
"114",11,2023-01-28,37572,92,48708,28,"26664"
"115",12,2023-01-29,40778,112,45498,12,"26664"
"116",13,2023-01-30,40722,180,45486,12,"26664"
"117",14,2023-01-31,34638,116,51618,28,"26664"
"118",15,2023-02-01,37224,136,49032,8,"26664"
"119",16,2023-02-02,30562,288,55494,56,"26664"
"120",17,2023-02-03,36208,216,49908,68,"26664"
"121",18,2023-02-04,38888,368,47088,56,"26664"
"122",19,2023-02-05,37850,228,48282,40,"26664"
"123",20,2023-02-06,31558,148,54618,76,"26664"
"124",21,2023-02-07,37000,92,49296,12,"26664"
"125",22,2023-02-08,37898,156,48318,28,"26664"
"126",23,2023-02-09,30676,104,55584,36,"26664"
"127",24,2023-02-10,26634,204,59526,36,"26664"
"128",25,2023-02-11,36300,120,49956,24,"26664"
"129",26,2023-02-12,39124,236,46968,72,"26664"
"130",27,2023-02-13,30390,232,55722,56,"26664"
"131",28,2023-02-14,33680,280,52380,60,"26664"
"132",29,2023-02-15,37470,212,48642,76,"26664"
"133",30,2023-02-16,29630,176,56562,32,"26664"
"134",31,2023-02-17,41890,200,44274,36,"26664"
"135",1,2023-03-10,22040,220,64092,48,"26664"
"136",2,2023-03-11,25784,212,60376,28,"26664"
"137",3,2023-03-12,33184,460,52688,68,"26664"
"138",4,2023-03-13,28276,196,57892,36,"26664"
"139",5,2023-03-14,31324,372,54672,32,"26664"
"140",6,2023-03-15,30124,180,56048,48,"26664"
"141",7,2023-03-16,33712,156,52500,32,"26664"
"142",8,2023-03-17,33000,168,53164,68,"26664"
"143",9,2023-03-18,40392,308,45612,88,"26664"
"144",10,2023-03-19,34288,128,51936,48,"26664"
"145",11,2023-03-20,42104,268,43968,60,"26664"
"146",12,2023-03-21,37932,200,48236,32,"26664"
"147",13,2023-03-22,44520,228,41596,56,"26664"
"148",14,2023-03-23,41272,120,44964,44,"26664"
"149",15,2023-03-24,44880,284,41148,88,"26664"
"150",16,2023-03-25,35428,136,50772,64,"26664"
"151",17,2023-03-26,32040,128,54192,40,"26664"
"152",18,2023-03-27,41692,184,44472,52,"26664"
"153",19,2023-03-28,42960,188,43188,64,"26664"
"154",20,2023-03-29,43448,168,42708,76,"26664"
"155",21,2023-03-30,33320,132,52880,68,"26664"
"156",22,2023-03-31,28884,148,57324,44,"26664"
"157",23,2023-04-01,19616,144,66616,24,"26664"
"158",24,2023-04-02,31204,232,54896,68,"26664"
"159",25,2023-04-03,34860,212,51264,64,"26664"
"160",26,2023-04-04,37788,272,48300,40,"26664"
"161",27,2023-04-05,39484,236,46600,80,"26664"
"162",28,2023-04-06,38108,324,47880,88,"26664"
"163",29,2023-04-07,38820,496,46968,116,"26664"
"164",30,2023-04-08,39492,572,46176,160,"26664"
"165",31,2023-04-09,36184,552,49332,332,"26664"
"166",32,2023-04-10,36424,768,48744,464,"26664"
"167",33,2023-04-11,38312,248,47772,68,"26664"
"168",34,2023-04-12,37908,320,48108,64,"26664"
"169",35,2023-04-13,35372,288,50664,76,"26664"
"170",36,2023-04-14,41020,484,44688,208,"26664"
"171",37,2023-04-15,38372,576,47040,412,"26664"
"172",38,2023-04-16,50560,1736,33468,636,"26664"
"173",39,2023-04-17,40808,456,45008,128,"26664"
"174",40,2023-04-18,25572,472,60256,100,"26664"
"175",41,2023-04-19,30620,1028,54140,612,"26664"
"176",42,2023-04-20,127,4,41008,NA,"26664"
"177",1,2023-03-10,27833,1123,57288,156,"26665"
"178",2,2023-03-11,31008,1144,54096,152,"26665"
"179",3,2023-03-12,32515,1756,52005,124,"26665"
"180",4,2023-03-13,30545,1584,54027,244,"26665"
"181",5,2023-03-14,26279,1074,46992,136,"26665"
"182",1,2023-02-10,22528,592,63204,76,"26668"
"183",2,2023-02-11,29888,880,55568,64,"26668"
"184",3,2023-02-12,33576,1048,51652,124,"26668"
"185",4,2023-02-13,29436,788,56108,68,"26668"
"186",5,2023-02-14,33492,724,52120,64,"26668"
"187",6,2023-02-15,34228,948,51084,140,"26668"
"188",7,2023-02-16,36996,976,48308,120,"26668"
"189",8,2023-02-17,38120,836,47356,88,"26668"
"190",9,2023-02-18,38244,756,47324,76,"26668"
"191",10,2023-02-19,29984,448,55920,48,"26668"
"192",11,2023-02-20,32100,456,53764,80,"26668"
"193",12,2023-02-21,38804,1032,46448,116,"26668"
"194",13,2023-02-22,31652,584,54084,80,"26668"
"195",14,2023-02-23,31832,504,53964,100,"26668"
"196",15,2023-02-24,30860,1044,54348,148,"26668"
"197",16,2023-02-25,17272,636,68364,128,"26668"
"198",17,2023-02-26,24768,764,60768,100,"26668"
"199",18,2023-02-27,24196,548,61564,92,"26668"
"200",19,2023-02-28,24864,476,61004,56,"26668"
"201",20,2023-03-01,26280,748,59296,76,"26668"
"202",21,2023-03-02,25168,524,60656,52,"26668"
"203",22,2023-03-03,18612,480,67204,104,"26668"
"204",23,2023-03-04,21580,420,64236,164,"26668"
"205",24,2023-03-05,24736,720,60816,128,"26668"
"206",25,2023-03-06,24388,808,61044,160,"26668"
"207",26,2023-03-07,25240,536,60564,60,"26668"
"208",27,2023-03-08,24732,876,60728,64,"26668"
"209",28,2023-03-09,19476,560,66280,84,"26668"
"210",29,2023-03-10,21744,464,64136,56,"26668"
"211",30,2023-03-11,31188,988,54136,88,"26668"
"212",31,2023-03-12,24432,696,61220,52,"26668"
"213",32,2023-03-13,26596,1196,58500,108,"26668"
"214",33,2023-03-14,28360,488,57504,48,"26668"
"215",34,2023-03-15,33068,1164,52032,136,"26668"
"216",35,2023-03-16,29508,780,56044,68,"26668"
"217",36,2023-03-17,31116,1108,54072,104,"26668"
"218",37,2023-03-18,35904,992,49376,128,"26668"
"219",38,2023-03-19,41372,1088,43848,92,"26668"
"220",39,2023-03-20,38260,836,47232,72,"26668"
"221",40,2023-03-21,38096,956,47220,128,"26668"
"222",41,2023-03-22,36080,968,49212,140,"26668"
"223",42,2023-03-23,37076,876,48288,160,"26668"
"224",43,2023-03-24,39260,624,46384,132,"26668"
"225",44,2023-03-25,34364,844,50996,196,"26668"
"226",45,2023-03-26,36364,680,49276,80,"26668"
"227",46,2023-03-27,38252,828,47168,152,"26668"
"228",47,2023-03-28,37032,444,48888,36,"26668"
"229",48,2023-03-29,38708,688,46900,104,"26668"
"230",49,2023-03-30,37008,648,48588,156,"26668"
"231",50,2023-03-31,34568,904,50864,64,"26668"
"232",51,2023-04-01,24552,556,61212,80,"26668"
"233",52,2023-04-02,33352,872,51996,180,"26668"
"234",53,2023-04-03,31624,700,54012,64,"26668"
"235",54,2023-04-04,37512,788,47992,108,"26668"
"236",55,2023-04-05,37580,612,48084,124,"26668"
"237",56,2023-04-06,33660,848,51768,124,"26668"
"238",1,2023-03-02,22493,540,63279,88,"26669"
"239",2,2023-03-03,23703,664,61881,152,"26669"
"240",3,2023-03-04,25145,720,60423,112,"26669"
"241",4,2023-03-05,28311,988,56817,284,"26669"
"242",5,2023-03-06,25516,772,60012,100,"26669"
"243",6,2023-03-07,26813,936,58539,112,"26669"
"244",7,2023-03-08,23316,1300,61596,188,"26669"
"245",8,2023-03-09,28032,1196,57024,148,"26669"
"246",9,2023-03-10,20499,660,65157,84,"26669"
"247",10,2023-03-11,27480,1060,57744,116,"26669"
"248",11,2023-03-12,28308,1080,56880,132,"26669"
"249",12,2023-03-13,29544,988,55764,104,"26669"
"250",13,2023-03-14,35848,856,49632,64,"26669"
"251",14,2023-03-15,35465,960,49899,76,"26669"
"252",15,2023-03-16,36019,1140,49113,128,"26669"
"253",16,2023-03-17,33825,640,51831,104,"26669"
"254",17,2023-03-18,41408,732,44208,52,"26669"
"255",18,2023-03-19,44035,748,41553,64,"26669"
"256",19,2023-03-20,46264,704,39300,132,"26669"
"257",20,2023-03-21,38872,644,46812,72,"26669"
"258",21,2023-03-22,45696,740,39768,196,"26669"
"259",22,2023-03-23,42012,476,43836,76,"26669"
"260",23,2023-03-24,47773,400,38127,100,"26669"
"261",24,2023-03-25,36260,524,49536,80,"26669"
"262",25,2023-03-26,40516,472,45300,112,"26669"
"263",26,2023-03-27,43303,560,42453,84,"26669"
"264",27,2023-03-28,43797,380,42111,112,"26669"
"265",28,2023-03-29,42015,288,44001,96,"26669"
"266",29,2023-03-30,40041,408,45819,132,"26669"
"267",30,2023-03-31,38356,492,47424,128,"26669"
"268",31,2023-04-01,25620,412,60252,116,"26669"
"269",32,2023-04-02,34283,316,51753,48,"26669"
"270",33,2023-04-03,39604,500,46140,156,"26669"
"271",34,2023-04-04,38460,792,46656,492,"26669"
"272",35,2023-04-05,39873,204,46299,24,"26669"
"273",36,2023-04-06,36247,328,49749,76,"26669"
"274",1,2023-03-02,19988,336,66012,64,"26681"
"275",2,2023-03-03,23463,348,62493,96,"26681"
"276",3,2023-03-04,16600,196,69540,64,"26681"
"277",4,2023-03-05,21716,460,64116,108,"26681"
"278",5,2023-03-06,23385,540,62259,216,"26681"
"279",6,2023-03-07,29939,680,55653,128,"26681"
"280",7,2023-03-08,26292,552,59484,72,"26681"
"281",8,2023-03-09,24496,448,61392,64,"26681"
"282",9,2023-03-10,26685,440,59199,76,"26681"
"283",10,2023-03-11,27555,332,58413,100,"26681"
"284",11,2023-03-12,23512,344,62448,96,"26681"
"285",12,2023-03-13,24985,416,60951,48,"26681"
"286",13,2023-03-14,23187,360,62793,60,"26681"
"287",14,2023-03-15,25405,280,60663,52,"26681"
"288",15,2023-03-16,33111,360,52857,72,"26681"
"289",16,2023-03-17,34489,248,51639,24,"26681"
"290",17,2023-03-18,37768,308,48264,60,"26681"
"291",18,2023-03-19,41392,288,44676,44,"26681"
"292",19,2023-03-20,44120,368,41820,92,"26681"
"293",20,2023-03-21,42164,224,43920,92,"26681"
"294",21,2023-03-22,38259,260,47781,100,"26681"
"295",22,2023-03-23,46713,304,39255,128,"26681"
"296",23,2023-03-24,39571,344,46437,48,"26681"
"297",24,2023-03-25,32581,364,53307,148,"26681"
"298",25,2023-03-26,37135,408,48765,92,"26681"
"299",26,2023-03-27,36213,372,49779,36,"26681"
"300",27,2023-03-28,34084,156,52080,80,"26681"
"301",28,2023-03-29,42807,328,43161,104,"26681"
"302",29,2023-03-30,36937,224,49203,36,"26681"
"303",30,2023-03-31,40252,284,45804,60,"26681"
"304",31,2023-04-01,24976,200,61164,60,"26681"
"305",32,2023-04-02,33944,432,51960,64,"26681"
"306",33,2023-04-03,34259,228,51813,100,"26681"
"307",34,2023-04-04,34573,140,51663,24,"26681"
"308",35,2023-04-05,41631,476,44133,160,"26681"
"309",36,2023-04-06,39377,392,46587,44,"26681"
"310",1,2023-03-02,20268,160,65944,28,"26687"
"311",2,2023-03-03,18400,200,67748,52,"26687"
"312",3,2023-03-04,16760,212,69384,44,"26687"
"313",4,2023-03-05,21800,268,64264,68,"26687"
"314",5,2023-03-06,21420,176,64764,40,"26687"
"315",6,2023-03-07,22044,204,64116,36,"26687"
"316",7,2023-03-08,17748,132,68492,28,"26687"
"317",8,2023-03-09,17688,108,68596,8,"26687"
"318",9,2023-03-10,25380,336,60636,48,"26687"
"319",10,2023-03-11,21456,240,64620,84,"26687"
"320",11,2023-03-12,19104,148,67136,12,"26687"
"321",12,2023-03-13,22332,168,63888,12,"26687"
"322",13,2023-03-14,21576,168,64632,24,"26687"
"323",14,2023-03-15,26088,172,60096,44,"26687"
"324",15,2023-03-16,25244,100,61000,56,"26687"
"325",16,2023-03-17,26680,200,59496,24,"26687"
"326",17,2023-03-18,39224,276,46836,64,"26687"
"327",18,2023-03-19,39612,168,46608,12,"26687"
"328",19,2023-03-20,41112,192,45036,60,"26687"
"329",20,2023-03-21,38348,196,47820,36,"26687"
"330",21,2023-03-22,33524,160,52656,60,"26687"
"331",22,2023-03-23,38172,156,47972,100,"26687"
"332",23,2023-03-24,35704,204,50380,112,"26687"
"333",24,2023-03-25,26920,276,59060,144,"26687"
"334",25,2023-03-26,32696,208,53448,48,"26687"
"335",26,2023-03-27,33436,192,52708,64,"26687"
"336",27,2023-03-28,39824,124,46388,64,"26687"
"337",28,2023-03-29,35888,136,50316,60,"26687"
"338",29,2023-03-30,37348,152,48820,80,"26687"
"339",30,2023-03-31,28808,136,57404,52,"26687"
"340",31,2023-04-01,22964,164,63196,76,"26687"
"341",32,2023-04-02,35376,272,50676,76,"26687"
"342",33,2023-04-03,29492,132,56744,32,"26687"
"343",34,2023-04-04,30748,132,55504,16,"26687"
"344",35,2023-04-05,36388,224,49620,168,"26687"
"345",36,2023-04-06,38104,208,48060,28,"26687"
"346",1,2023-01-18,25036,520,60732,112,"26688"
"347",2,2023-01-19,36551,616,49129,104,"26688"
"348",3,2023-01-20,37485,768,48035,112,"26688"
"349",4,2023-01-21,38707,948,46489,256,"26688"
"350",5,2023-01-22,33912,788,51612,88,"26688"
"351",6,2023-01-23,43032,1152,42096,120,"26688"
"352",7,2023-01-24,38292,604,47412,92,"26688"
"353",8,2023-01-25,35381,668,50243,108,"26688"
"354",9,2023-01-26,41459,516,44353,72,"26688"
"355",10,2023-01-27,42856,544,42936,64,"26688"
"356",11,2023-01-28,42752,472,43116,60,"26688"
"357",12,2023-01-29,40113,892,45167,228,"26688"
"358",13,2023-01-30,37807,728,47773,92,"26688"
"359",14,2023-01-31,28344,372,57636,48,"26688"
"360",15,2023-02-01,26541,364,59423,72,"26688"
"361",16,2023-02-02,33835,1132,51337,96,"26688"
"362",17,2023-02-03,33508,956,51792,144,"26688"
"363",18,2023-02-04,38828,700,46812,60,"26688"
"364",19,2023-02-05,30948,496,54852,104,"26688"
"365",20,2023-02-06,38469,488,47291,152,"26688"
"366",21,2023-02-07,35487,240,50581,92,"26688"
"367",22,2023-02-08,46792,380,39144,84,"26688"
"368",23,2023-02-09,35985,388,49907,120,"26688"
"369",24,2023-02-10,32427,436,53425,112,"26688"
"370",25,2023-02-11,41549,480,44255,116,"26688"
"371",26,2023-02-12,36091,348,49837,124,"26688"
"372",27,2023-02-13,34244,572,51348,236,"26688"
"373",28,2023-02-14,34781,328,51215,76,"26688"
"374",29,2023-02-15,32695,412,53149,144,"26688"
"375",30,2023-02-16,32876,484,52920,120,"26688"
"376",31,2023-02-17,35620,384,50292,104,"26688"
"377",32,2023-02-18,32528,332,53436,104,"26688"
"378",33,2023-02-19,33856,388,52080,76,"26688"
"379",34,2023-02-20,27057,352,58871,120,"26688"
"380",35,2023-02-21,31427,356,54589,28,"26688"
"381",36,2023-02-22,31948,500,53832,120,"26688"
"382",37,2023-02-23,32768,340,53208,84,"26688"
"383",38,2023-02-24,26036,556,59772,36,"26688"
"384",39,2023-02-25,21241,464,64631,64,"26688"
"385",40,2023-02-26,25184,656,60468,92,"26688"
"386",41,2023-02-27,25507,388,60421,84,"26688"
"387",42,2023-02-28,30212,604,55428,156,"26688"
"388",43,2023-03-01,27133,720,58343,204,"26688"
"389",44,2023-03-02,26515,328,59437,120,"26688"
"390",45,2023-03-03,26157,368,59723,152,"26688"
"391",46,2023-03-04,27532,400,58296,172,"26688"
"392",47,2023-03-05,30220,440,55632,108,"26688"
"393",48,2023-03-06,36700,524,49080,96,"26688"
"394",49,2023-03-07,28212,872,57204,112,"26688"
"395",50,2023-03-08,28163,464,57673,100,"26688"
"396",51,2023-03-09,29929,592,55835,44,"26688"
"397",52,2023-03-10,17600,276,52122,28,"26688"
"398",1,2023-01-17,33056,276,53052,16,"26689"
"399",2,2023-01-18,36152,324,49896,28,"26689"
"400",3,2023-01-19,40376,544,45436,44,"26689"
"401",4,2023-01-20,39188,684,46448,80,"26689"
"402",5,2023-01-21,33260,456,52644,40,"26689"
"403",6,2023-01-22,35504,800,50040,56,"26689"
"404",7,2023-01-23,33732,584,52008,76,"26689"
"405",8,2023-01-24,30476,396,55480,48,"26689"
"406",9,2023-01-25,45872,1016,39404,108,"26689"
"407",10,2023-01-26,61960,1748,22524,168,"26689"
"408",11,2023-01-27,31492,276,54612,20,"26689"
"409",12,2023-01-28,35776,772,49816,36,"26689"
"410",13,2023-01-29,35560,500,50312,28,"26689"
"411",14,2023-01-30,38204,820,47320,56,"26689"
"412",15,2023-01-31,33056,596,52692,56,"26689"
"413",16,2023-02-01,30004,660,55680,56,"26689"
"414",17,2023-02-02,40452,1008,44864,76,"26689"
"415",18,2023-02-03,39584,960,45760,96,"26689"
"416",19,2023-02-04,43296,868,42156,80,"26689"
"417",20,2023-02-05,35784,340,50244,32,"26689"
"418",21,2023-02-06,40468,524,45324,84,"26689"
"419",22,2023-02-07,42328,524,43520,28,"26689"
"420",23,2023-02-08,38280,500,47580,40,"26689"
"421",24,2023-02-09,36848,692,48816,44,"26689"
"422",25,2023-02-10,38192,876,47256,76,"26689"
"423",26,2023-02-11,39240,540,46576,44,"26689"
"424",27,2023-02-12,40572,544,45212,72,"26689"
"425",28,2023-02-13,33300,976,52036,88,"26689"
"426",29,2023-02-14,40092,868,45368,72,"26689"
"427",30,2023-02-15,43080,508,42760,52,"26689"
"428",1,2023-02-10,25202,828,60182,188,"26691"
"429",2,2023-02-11,33386,760,52174,80,"26691"
"430",3,2023-02-12,35096,808,50400,96,"26691"
"431",4,2023-02-13,30122,1104,55082,92,"26691"
"432",5,2023-02-14,38934,1632,45634,200,"26691"
"433",6,2023-02-15,35148,700,50448,104,"26691"
"434",7,2023-02-16,34864,948,50460,128,"26691"
"435",8,2023-02-17,40322,1224,44726,128,"26691"
"436",9,2023-02-18,31768,820,53760,52,"26691"
"437",10,2023-02-19,29626,592,56086,96,"26691"
"438",11,2023-02-20,26240,960,59088,112,"26691"
"439",12,2023-02-21,28614,912,56786,88,"26691"
"440",13,2023-02-22,32710,1080,52534,76,"26691"
"441",14,2023-02-23,34910,776,50630,84,"26691"
"442",15,2023-02-24,34482,1572,50170,176,"26691"
"443",16,2023-02-25,22990,804,62462,144,"26691"
"444",17,2023-02-26,20738,1044,64474,144,"26691"
"445",18,2023-02-27,24120,744,61404,132,"26691"
"446",19,2023-02-28,27604,1296,57348,152,"26691"
"447",20,2023-03-01,28152,660,57456,132,"26691"
"448",21,2023-03-02,28128,760,57312,200,"26691"
"449",22,2023-03-03,27994,612,57650,144,"26691"
"450",23,2023-03-04,23292,656,62268,184,"26691"
"451",24,2023-03-05,29096,872,56292,140,"26691"
"452",25,2023-03-06,29266,1500,55474,160,"26691"
"453",26,2023-03-07,26656,700,58944,100,"26691"
"454",27,2023-03-08,22144,520,63660,76,"26691"
"455",28,2023-03-09,25142,976,60110,172,"26691"
"456",29,2023-03-10,23600,808,61860,132,"26691"
"457",30,2023-03-11,31152,1012,54120,116,"26691"
"458",31,2023-03-12,30888,1564,53844,104,"26691"
"459",32,2023-03-13,29684,1024,55632,60,"26691"
"460",33,2023-03-14,30376,996,54948,80,"26691"
"461",34,2023-03-15,33144,900,52284,72,"26691"
"462",35,2023-03-16,27402,780,58186,32,"26691"
"463",36,2023-03-17,24808,668,60792,132,"26691"
"464",37,2023-03-18,37600,1136,47556,108,"26691"
"465",38,2023-03-19,34250,992,51062,96,"26691"
"466",39,2023-03-20,36040,876,49416,68,"26691"
"467",40,2023-03-21,38048,784,47436,132,"26691"
"468",41,2023-03-22,41380,692,44268,60,"26691"
"469",42,2023-03-23,36796,756,48708,140,"26691"
"470",43,2023-03-24,40164,740,45384,112,"26691"
"471",44,2023-03-25,29120,800,56304,176,"26691"
"472",45,2023-03-26,36864,924,48492,120,"26691"
"473",46,2023-03-27,38056,980,47280,84,"26691"
"474",47,2023-03-28,43682,856,41734,128,"26691"
"475",48,2023-03-29,38672,948,46512,268,"26691"
"476",49,2023-03-30,36946,556,48818,80,"26691"
"477",50,2023-03-31,27846,416,39889,72,"26691"
"478",1,2023-01-16,36195,441,49692,72,"26691"
"479",2,2023-01-17,35312,463,50533,92,"26691"
"480",3,2023-01-18,32540,380,53340,140,"26691"
"481",4,2023-01-19,30429,288,55583,100,"26691"
"482",5,2023-01-20,26519,324,59461,96,"26691"
"483",6,2023-01-21,25573,376,60383,68,"26691"
"484",7,2023-01-22,32952,548,52800,100,"26691"
"485",8,2023-01-23,29283,164,56893,60,"26691"
"486",9,2023-01-24,26056,208,60072,64,"26691"
"487",10,2023-01-25,25029,352,60947,72,"26691"
"488",11,2023-01-26,26551,220,59569,60,"26691"
"489",12,2023-01-27,34104,324,51876,96,"26691"
"490",13,2023-01-28,37829,324,48203,44,"26691"
"491",14,2023-01-29,36943,484,48913,60,"26691"
"492",15,2023-01-30,42112,572,43644,72,"26691"
"493",16,2023-01-31,36712,496,49116,76,"26691"
"494",17,2023-02-01,38117,260,47975,48,"26691"
"495",18,2023-02-02,39736,444,46140,80,"26691"
"496",19,2023-02-03,41276,460,44580,84,"26691"
"497",20,2023-02-04,37752,292,48288,68,"26691"
"498",21,2023-02-05,30443,200,55681,76,"26691"
"499",22,2023-02-06,28956,224,57108,112,"26691"
"500",23,2023-02-07,31064,140,55140,56,"26691"
"501",24,2023-02-08,39828,236,46284,52,"26691"
"502",1,2023-01-21,26692,488,59148,72,"26692"
"503",2,2023-01-22,35750,1324,49210,116,"26692"
"504",3,2023-01-23,28386,760,57182,72,"26692"
"505",4,2023-01-24,27012,624,58620,144,"26692"
"506",5,2023-01-25,26224,876,59112,188,"26692"
"507",6,2023-01-26,39030,712,46558,100,"26692"
"508",7,2023-01-27,35432,1528,49320,120,"26692"
"509",8,2023-01-28,41092,1200,44040,68,"26692"
"510",9,2023-01-29,32404,600,53364,32,"26692"
"511",10,2023-01-30,34314,872,51146,68,"26692"
"512",11,2023-01-31,29216,528,56592,64,"26692"
"513",12,2023-02-01,28536,476,57324,64,"26692"
"514",13,2023-02-02,32176,784,53364,76,"26692"
"515",14,2023-02-03,32990,1004,52306,100,"26692"
"516",15,2023-02-04,42516,876,42972,36,"26692"
"517",16,2023-02-05,35450,720,50174,56,"26692"
"518",17,2023-02-06,27844,412,58068,76,"26692"
"519",18,2023-02-07,31820,464,54036,80,"26692"
"520",19,2023-02-08,37864,904,47556,76,"26692"
"521",1,2023-01-16,32544,164,53628,64,"26676"
"522",2,2023-01-17,33416,340,52548,96,"26676"
"523",3,2023-01-18,28220,268,57792,120,"26676"
"524",4,2023-01-19,34820,308,51180,92,"26676"
"525",5,2023-01-20,35604,352,50364,80,"26676"
"526",6,2023-01-21,27384,264,58656,96,"26676"
"527",7,2023-01-22,32116,292,53844,148,"26676"
"528",8,2023-01-23,24732,172,61440,56,"26676"
"529",9,2023-01-24,25236,184,60936,44,"26676"
"530",10,2023-01-25,NA,NA,86400,NA,"26676"
"531",1,2023-01-17,20050,132,66210,8,"26690"
"532",2,2023-01-18,29156,244,56976,24,"26690"
"533",3,2023-01-19,37058,384,48834,124,"26690"
"534",4,2023-01-20,32486,448,53358,108,"26690"
"535",5,2023-01-21,27582,340,58386,92,"26690"
"536",6,2023-01-22,35618,336,50370,76,"26690"
"537",7,2023-01-23,32522,228,53550,100,"26690"
"538",8,2023-01-24,26150,284,59874,92,"26690"
"539",9,2023-01-25,33200,380,52764,56,"26690"
"540",10,2023-01-26,41376,328,44616,80,"26690"
"541",11,2023-01-27,34982,456,50850,112,"26690"
"542",12,2023-01-28,35378,284,50694,44,"26690"
"543",13,2023-01-29,36548,264,49512,76,"26690"
"544",14,2023-01-30,32298,276,53754,72,"26690"
"545",15,2023-01-31,34094,204,52038,64,"26690"
"546",16,2023-02-01,30296,300,55752,52,"26690"
"547",17,2023-02-02,31326,372,54624,78,"26690"
"548",18,2023-02-03,38700,372,47238,90,"26690"
"549",19,2023-02-04,41600,308,44436,56,"26690"
"550",20,2023-02-05,27742,188,58410,60,"26690"
"551",21,2023-02-06,24090,232,62010,68,"26690"
"552",22,2023-02-07,35518,252,50574,56,"26690"
"553",23,2023-02-08,38330,312,47706,52,"26690"
"554",24,2023-02-09,33872,336,52056,136,"26690"
"555",25,2023-02-10,26006,292,60018,84,"26690"
"556",26,2023-02-11,36232,172,49944,52,"26690"
"557",27,2023-02-12,38170,232,47934,64,"26690"
"558",28,2023-02-13,31638,296,54366,100,"26690"
"559",29,2023-02-14,40490,316,45522,72,"26690"
"560",30,2023-02-15,29882,308,56118,92,"26690"
"561",31,2023-02-16,30594,292,55470,44,"26690"
"562",32,2023-02-17,31124,260,54948,68,"26690"
"563",33,2023-02-18,31540,264,54528,68,"26690"
"564",34,2023-02-19,27628,236,58464,72,"26690"
"565",35,2023-02-20,30276,252,55764,108,"26690"
"566",36,2023-02-21,38292,248,47772,88,"26690"
"567",37,2023-02-22,31856,320,54144,80,"26690"
"568",38,2023-02-23,31694,208,54438,60,"26690"
"569",39,2023-02-24,27222,160,58974,44,"26690"
"570",40,2023-02-25,20072,252,66048,28,"26690"
"571",41,2023-02-26,20644,324,65316,116,"26690"
"572",42,2023-02-27,19544,220,66564,72,"26690"
"573",43,2023-02-28,23222,216,62898,64,"26690"
"574",44,2023-03-01,31614,360,54306,120,"26690"
"575",45,2023-03-02,22268,276,63768,88,"26690"
"576",1,2023-01-17,4456,712,81180,52,"26783"
"577",2,2023-01-18,NA,NA,86400,NA,"26783"
"578",3,2023-01-19,NA,NA,86400,NA,"26783"
"579",4,2023-01-20,NA,NA,86400,NA,"26783"
"580",5,2023-01-21,NA,NA,86400,NA,"26783"
"581",6,2023-01-22,NA,NA,86400,NA,"26783"
"582",1,2023-01-18,27232,492,58584,92,"26383"
"583",2,2023-01-19,36836,764,48648,152,"26383"
"584",3,2023-01-20,32472,868,52908,152,"26383"
"585",4,2023-01-21,25760,896,59604,140,"26383"
"586",5,2023-01-22,34868,1260,50064,208,"26383"
"587",6,2023-01-23,38824,968,46500,108,"26383"
"588",7,2023-01-24,24580,404,61296,120,"26383"
"589",8,2023-01-25,25436,532,60348,84,"26383"
"590",9,2023-01-26,42984,700,42612,104,"26383"
"591",10,2023-01-27,37972,860,47508,60,"26383"
"592",11,2023-01-28,38072,684,47604,40,"26383"
"593",12,2023-01-29,31076,536,54732,56,"26383"
"594",13,2023-01-30,36872,748,48732,48,"26383"
"595",14,2023-01-31,29876,724,55740,60,"26383"
"596",15,2023-02-01,26544,712,59064,80,"26383"
"597",16,2023-02-02,26672,656,58944,128,"26383"
"598",17,2023-02-03,37820,1612,46824,144,"26383"
"599",18,2023-02-04,39820,724,45804,52,"26383"
"600",19,2023-02-05,32240,380,53748,32,"26383"
"601",20,2023-02-06,32580,668,53052,100,"26383"
"602",21,2023-02-07,37160,320,48900,20,"26383"
"603",22,2023-02-08,35640,876,49740,144,"26383"
"604",23,2023-02-09,32324,564,53412,100,"26383"
"605",24,2023-02-10,22556,348,63432,64,"26383"
"606",25,2023-02-11,36580,324,49416,80,"26383"
"607",26,2023-02-12,40796,524,45012,68,"26383"
"608",27,2023-02-13,26504,676,59100,120,"26383"
"609",28,2023-02-14,36832,592,48900,76,"26383"
"610",29,2023-02-15,36176,300,49896,28,"26383"
"611",30,2023-02-16,35100,524,50700,76,"26383"
"612",31,2023-02-17,33552,664,52104,80,"26383"
"613",1,2023-03-10,14655,280,71377,88,"26383"
"614",2,2023-03-11,29509,500,56327,64,"26383"
"615",3,2023-03-12,26947,1176,58189,88,"26383"
"616",4,2023-03-13,27749,900,57695,56,"26383"
"617",5,2023-03-14,29912,596,55836,56,"26383"
"618",6,2023-03-15,31567,668,54133,32,"26383"
"619",7,2023-03-16,24181,556,61607,56,"26383"
"620",8,2023-03-17,26467,444,59449,40,"26383"
"621",9,2023-03-18,37636,976,47688,100,"26383"
"622",10,2023-03-19,40857,931,44532,80,"26383"
"623",11,2023-03-20,39544,672,46116,68,"26383"
"624",12,2023-03-21,40415,917,45024,44,"26383"
"625",13,2023-03-22,44109,680,41567,44,"26383"
"626",14,2023-03-23,44391,708,41233,68,"26383"
"627",15,2023-03-24,42405,580,43367,48,"26383"
"628",16,2023-03-25,31268,688,54360,84,"26383"
"629",17,2023-03-26,33876,640,51840,44,"26383"
"630",18,2023-03-27,36571,736,49009,84,"26383"
"631",19,2023-03-28,37261,420,48695,24,"26383"
"632",20,2023-03-29,41031,952,44317,100,"26383"
"633",21,2023-03-30,43496,544,42324,36,"26383"
"634",22,2023-03-31,35777,328,50243,52,"26383"
"635",23,2023-04-01,24896,456,60996,52,"26383"
"636",24,2023-04-02,25815,412,60145,28,"26383"
"637",25,2023-04-03,34689,468,51179,64,"26383"
"638",26,2023-04-04,37535,612,48193,60,"26383"
"639",27,2023-04-05,39400,492,46464,44,"26383"
"640",28,2023-04-06,36852,1228,48060,260,"26383"
"641",29,2023-04-07,45180,1364,39756,100,"26383"
"642",30,2023-04-08,46784,1140,38280,196,"26383"
"643",31,2023-04-09,41569,1143,43524,164,"26383"
"644",32,2023-04-10,36655,1413,47940,392,"26383"
"645",33,2023-04-11,34465,640,51227,68,"26383"
"646",34,2023-04-12,39195,640,46513,52,"26383"
"647",35,2023-04-13,43732,1116,41424,128,"26383"
"648",36,2023-04-14,42068,1160,42744,428,"26383"
"649",37,2023-04-15,53740,3160,29208,292,"26383"
"650",38,2023-04-16,46392,8104,30720,1184,"26383"
"651",39,2023-04-17,38844,1856,45432,268,"26383"
"652",40,2023-04-18,25309,960,59915,216,"26383"
"653",41,2023-04-19,34640,3052,47988,720,"26383"
"654",42,2023-04-20,116,28,41405,NA,"26383"
